Timestamp,Block,Tx_hash,From,From_label,To,To_label,Value_in_USD
2024-08-22 14:05:59,20584631,0x9da15599fdc03724f8110feef80a1b51dd4f62288073a45073e75ad44c91cde2,0x23aaf393ae14aa9d7605f9c512720dceba4fb179,KuCoin_Deposit_0x23aa,0x45300136662dd4e58fc0df61e6290dffd992b785,KuCoin 17,34755.13
2024-08-22 13:08:35,20584346,0x05cc3d7fdf04f00d2bff52953e7ba0e5c46042792d2087e6f8a1a60aa879e17e,0x23aaf393ae14aa9d7605f9c512720dceba4fb179,KuCoin_Deposit_0x23aa,0x45300136662dd4e58fc0df61e6290dffd992b785,KuCoin 17,52132.86
2024-08-21 00:10:59,20573326,0x5d0813cf16dfedcd9b1acfc0c7e4faad2607b47e293ec8c65725fcead2f5213f,0x5d4b2a02c59197eb2cae95a6df9fe27af60459d4,,0x8cc568f3565a7ed44b3b0af8765a7ef67b8bc2dc,transit_8cc5,13483975.16
2024-08-21 00:15:59,20573351,0x69271cadac0567ea431ffe13e95ff043ccc61e013fa89dd822fabc1f7b652976,0x5d4b2a02c59197eb2cae95a6df9fe27af60459d4,,0xc2cc41c4f0f9aa38cb1fa71c39da2121adfa5909,,2200000.0
2024-08-21 00:17:11,20573357,0x8340a1ea11fe9627df59b259d7c813b446145790526ad7fae1ed0b5f6fe53e59,0x5d4b2a02c59197eb2cae95a6df9fe27af60459d4,,0xfb65a68d4583b6d3a61ccd90655c0b7b4677e9a6,transit_fb65,2750000.0
2024-08-21 00:18:23,20573363,0x732294688aeee634302666992f7d101bad26671cf013f49edf34e90c7dbbe0d1,0x5d4b2a02c59197eb2cae95a6df9fe27af60459d4,,0x82c32f58ef59c84e74d0550f051cc86c6c5142f5,transit_82c3,1100000.0
2024-08-21 00:19:23,20573367,0xa11ebe4db723c16b275efd2cbb2d07f53c3d1931f3220d0cb8835ef869aa9ee0,0x5d4b2a02c59197eb2cae95a6df9fe27af60459d4,,0x860cf33bdc076f42edbc66c6fec30aa9ee99f073,transit_860c,1650000.0
2024-08-21 00:39:47,20573469,0x7e101dc35d6acf5068551bef00b08ff666773af3b14b46a85e4d41602718d05b,0x5d4b2a02c59197eb2cae95a6df9fe27af60459d4,,0x8cc568f3565a7ed44b3b0af8765a7ef67b8bc2dc,transit_8cc5,1000000.0
2024-08-21 00:42:23,20573482,0x7af275b3242b57a50a2ece06b9114ab4497e08b927cce50c51417c7f702e9abb,0x5d4b2a02c59197eb2cae95a6df9fe27af60459d4,,0xdd6397104d57533e507bd571ac88c4b24852bce9,,36773858.04
2024-08-21 00:42:59,20573485,0xf16911496a0f7a6a001b2bf544a07859079b7d22a80925df7846c63a741c23b4,0x5d4b2a02c59197eb2cae95a6df9fe27af60459d4,,0xdd6397104d57533e507bd571ac88c4b24852bce9,,694.1
2024-08-21 01:05:35,20573598,0x57f3b8064b4eecd1c3d1a8af46c7f7234d7b56ccb3b898d51a4919833d8b5311,0xfb65a68d4583b6d3a61ccd90655c0b7b4677e9a6,transit_fb65,0x8cc568f3565a7ed44b3b0af8765a7ef67b8bc2dc,transit_8cc5,300000.0
2024-08-21 01:09:47,20573619,0x852bcc688308198449867946d24a3bccca01019ceecf6584a979c932348f5995,0xc2cc41c4f0f9aa38cb1fa71c39da2121adfa5909,,0x8cc568f3565a7ed44b3b0af8765a7ef67b8bc2dc,transit_8cc5,225000.0
2024-08-21 01:17:23,20573657,0x9ef1b32d09461d83882c6acf4d8b710af00287ff4d079cafa913a62aac55982c,0x860cf33bdc076f42edbc66c6fec30aa9ee99f073,transit_860c,0x8cc568f3565a7ed44b3b0af8765a7ef67b8bc2dc,transit_8cc5,300000.0
2024-08-21 01:53:35,20573838,0x68fed4618bb007066b2422b7e4c8dcc6309f23f8338a49a951ec97578f374891,0xfc4eaa4ac84d00f1c5854113581f881b42b4a745,Fake_Phishing324039,0xaa862f977d6916a1e89e856fc11fd99a2f2fabf8,,451818.9
2024-08-21 01:58:11,20573861,0xf46920f9fb543c071f401c90337bfa5d27a51f4ae62e0235cd07832ad2ac087c,0xaa862f977d6916a1e89e856fc11fd99a2f2fabf8,,0x8cc568f3565a7ed44b3b0af8765a7ef67b8bc2dc,transit_8cc5,451818.83
2024-08-21 10:04:35,20576281,0x38e68435635e5ccade9e12f0ff591bb6cb735f06fdcda5fe0c28ac1c9e188b00,0x8cc568f3565a7ed44b3b0af8765a7ef67b8bc2dc,transit_8cc5,0xbeda662dc22c972498a18cbddfb22b8ff9fde97c,transit_beda,67381.09
2024-08-21 10:08:35,20576301,0xfbc4d0703b4b067ade17a9bac6bc575bdbf02414729d64babb1e665e823fc86f,0x8cc568f3565a7ed44b3b0af8765a7ef67b8bc2dc,transit_8cc5,0xbeda662dc22c972498a18cbddfb22b8ff9fde97c,transit_beda,1278302.66
2024-08-21 10:13:59,20576328,0x4a9a5072d3108e70874605a40a58027185a13e3ed783a116bc75cc98e30bf1b7,0x8cc568f3565a7ed44b3b0af8765a7ef67b8bc2dc,transit_8cc5,0xba258b2b0afdbff8a6b4171f2da3ef1ae8071843,,7522610.91
2024-08-21 10:15:23,20576335,0xf97a281f71a89503f031ffab006456dbd880932bfa8e20ba39784e1f98ffa17a,0x8cc568f3565a7ed44b3b0af8765a7ef67b8bc2dc,transit_8cc5,0x77b9f7e33e42b1f64b915bb27e9a9bca199da83e,transit_77b9,7522707.94
2024-08-21 10:16:47,20576342,0x6ddbcbcaf758b4cd7f91ad0fffe9ccca76d6ca2a5ee5cc59e8051ba0b7a627df,0x82c32f58ef59c84e74d0550f051cc86c6c5142f5,transit_82c3,0x8cc568f3565a7ed44b3b0af8765a7ef67b8bc2dc,transit_8cc5,150000.0
2024-08-21 10:25:11,20576384,0xcb1a95d694a4df6e764ad7a349b4255674a007d9b3262ce1bec436d2189a6e27,0x77b9f7e33e42b1f64b915bb27e9a9bca199da83e,transit_77b9,0x1231deb6f5749ef6ce6943a275a1d3e7486f4eae,LI.FI: LiFi Diamond,347553.0
2024-08-22 08:26:23,20582941,0xfd9f05f2eb3673eebfd4c2b3af50fa8503a3486a5c7f00e92bf5213d774f6b9c,0x77b9f7e33e42b1f64b915bb27e9a9bca199da83e,transit_77b9,0x1231deb6f5749ef6ce6943a275a1d3e7486f4eae,LI.FI: LiFi Diamond,521329.5
2024-08-21 10:25:11,20576384,0xcb1a95d694a4df6e764ad7a349b4255674a007d9b3262ce1bec436d2189a6e27,0x1231deb6f5749ef6ce6943a275a1d3e7486f4eae,LI.FI: LiFi Diamond,0xb8901acb165ed027e32754e0ffe830802919727f,Hop Protocol: Ethereum Bridge,347552.95
2024-08-21 21:26:23,20579667,0x76f3df33b837609a6bc03d6fc80e45743f8da918ef511762fb82cc1d4b701e0d,0x1231deb6f5749ef6ce6943a275a1d3e7486f4eae,LI.FI: LiFi Diamond,0xb8901acb165ed027e32754e0ffe830802919727f,Hop Protocol: Ethereum Bridge,34755.22
2024-08-21 20:24:47,20579360,0x65253901bcc0357b2185f982e09bf33d359285cc9bcb1a7972e4c5d5a7e3eb80,0xba258b2b0afdbff8a6b4171f2da3ef1ae8071843,,0x825093013c3f89a5f1ea38fac17df80e77437f14,transit_8250,7487854.68
2024-08-21 20:24:11,20579357,0xebed7d316c41aed19d1f1fd2d2da9eeff44f4deff73053b2854f5cf088de25e3,0xba258b2b0afdbff8a6b4171f2da3ef1ae8071843,,0x825093013c3f89a5f1ea38fac17df80e77437f14,transit_8250,34755.3
2024-08-21 21:26:23,20579667,0x76f3df33b837609a6bc03d6fc80e45743f8da918ef511762fb82cc1d4b701e0d,0x825093013c3f89a5f1ea38fac17df80e77437f14,transit_8250,0x1231deb6f5749ef6ce6943a275a1d3e7486f4eae,LI.FI: LiFi Diamond,34755.3
2024-08-22 10:03:47,20583427,0xc6c5647d65d1c0bd4f943adc7c3bfbb7c472bbd7e9abe525e7c9ac4e99931f4d,0x77b9f7e33e42b1f64b915bb27e9a9bca199da83e,transit_77b9,0x91fec7d9ef52b6f1e0edca4a3e342149db70d135,,1042659.0
2024-08-22 10:10:35,20583461,0x46151b83e353b843e2db4d26f510c31dfd684ddaf515b33f02a57168aa6d5c43,0x77b9f7e33e42b1f64b915bb27e9a9bca199da83e,transit_77b9,0x10095ae6509bfc7414307332a622d7355fc10c8a,,132320.99
2024-08-22 10:46:23,20583637,0x2e42521b5142068b650c93d9ac798cad0fffff5ae35662f77190a4c42807fa9b,0x91fec7d9ef52b6f1e0edca4a3e342149db70d135,,0xf1da173228fcf015f43f3ea15abbb51f0d8f1123,eXch,1042658.91
2024-08-22 11:16:59,20583789,0xccbf8990d63b628dc5db6c3c0d26a63413b232a0964232cd784aa804c252c9ba,0x10095ae6509bfc7414307332a622d7355fc10c8a,,0xb6bc1455e7aa65959ec009bfe0732c690a1ca9cd,,132320.79
2024-08-22 11:31:35,20583861,0xf6393b781f80fb4e06be16fee20df4b050e7ccfc70e4e82f77426089c2ace10f,0xb6bc1455e7aa65959ec009bfe0732c690a1ca9cd,,0x0b172c2479210d671a87fb2dc241cfdc0501345f,,132320.62
2024-08-22 11:34:23,20583875,0x0bbe063ec7d7f3220f05543098c272d03a2e32f28413a2cbe553e91438fb1fca,0x0b172c2479210d671a87fb2dc241cfdc0501345f,,0xefda87a2b7386d1789a2eb9215fb0aa96de92dd7,,132320.86
2024-08-22 11:44:47,20583927,0x040245fba90c434322d5d482566579c6d73630d49e736dab53688d59c7353e74,0xefda87a2b7386d1789a2eb9215fb0aa96de92dd7,,0xb072d9baa8f916df2cf7c146c2a4eb16ad3418bd,,132321.82
2024-08-22 11:47:47,20583942,0xeec9620fa23499e5e178567fc5898e8b8e0d6e1a3a10e037c4f9bc3885351dbf,0xb072d9baa8f916df2cf7c146c2a4eb16ad3418bd,,0x676f3812ce33595c58d244b44ef7cf09ca87921e,,132322.08
2024-08-22 11:55:11,20583979,0x4d85caca843c5e2af23f06d055665c519aa5df9a6a2b7b3808932863afcfef47,0x676f3812ce33595c58d244b44ef7cf09ca87921e,,0xbb5b78343e1cd11396db855473bc31f874a92d8c,,132322.05
2024-08-22 12:03:11,20584019,0x4916e4b5d359dcab4deff789b192744de73f33e6024070d7c0918253f9a43c69,0xfb65a68d4583b6d3a61ccd90655c0b7b4677e9a6,transit_fb65,0x764c53ac64a2c94b44ed9bd02857a1736d1f6efb,transit_764c,50000.0
2024-08-22 12:03:47,20584022,0x5327ceff51242165d8ac5ea720574ce77538107e7f60f9c1c254616c7ec3002e,0xfb65a68d4583b6d3a61ccd90655c0b7b4677e9a6,transit_fb65,0x472eb0b32b403d0744c492545d43a0330b5037ca,,3000.0
2024-08-22 12:09:59,20584053,0x086672ee59d4cfe0774df80c0075b7656b02f34462b865c11f366569f20a4c1a,0xbb5b78343e1cd11396db855473bc31f874a92d8c,,0x410189e01724c0ec9d0b60e17386f43a620762d4,,132322.42
2024-08-22 12:16:59,20584088,0x237deafbb3c546b0206f1008dccb637a38fdc845db02f3ea1dd254fe7bf0fa71,0x410189e01724c0ec9d0b60e17386f43a620762d4,,0x8021140cde8767414fe1b12bfbe6de0475f0604c,,132322.23
2024-08-22 12:30:47,20584157,0xed7409cabd00da8054129cce7616b524628959b76506b0a98fb4d674fbba4104,0x825093013c3f89a5f1ea38fac17df80e77437f14,transit_8250,0xf1f516c17665187d59b47ba85b40d61707f15918,,329575.33
2024-08-22 12:48:11,20584244,0xbb2c3efdffe6ef6de4fc439a1a8260ccd5e25d6ea357b5f6006c4527b0c346e7,0xf1f516c17665187d59b47ba85b40d61707f15918,,0x1231deb6f5749ef6ce6943a275a1d3e7486f4eae,LI.FI: LiFi Diamond,34755.33
2024-08-22 13:16:35,20584386,0xf2981baa18811e8b1178774af88e22d86efb06171a7f99da870520bbef272784,0xf1f516c17665187d59b47ba85b40d61707f15918,,0x1231deb6f5749ef6ce6943a275a1d3e7486f4eae,LI.FI: LiFi Diamond,34755.3
2024-08-22 13:33:11,20584468,0xbaa7a09358572870ab2d60983c3a3cef37d0ae4d29c7b7ad67c41d084e5eac61,0xf1f516c17665187d59b47ba85b40d61707f15918,,0x1231deb6f5749ef6ce6943a275a1d3e7486f4eae,LI.FI: LiFi Diamond,104265.9
2024-08-22 13:57:35,20584590,0xc892294e7c82615c02f87b842fa33d8362eb3f8177718a31c15596bba1fcbb6d,0xf1f516c17665187d59b47ba85b40d61707f15918,,0x1231deb6f5749ef6ce6943a275a1d3e7486f4eae,LI.FI: LiFi Diamond,155787.53
2024-08-22 12:48:11,20584244,0xbb2c3efdffe6ef6de4fc439a1a8260ccd5e25d6ea357b5f6006c4527b0c346e7,0x1231deb6f5749ef6ce6943a275a1d3e7486f4eae,LI.FI: LiFi Diamond,0x4dbd4fc535ac27206064b68ffcf827b0a60bab3f,Arbitrum: Delayed Inbox,34755.28
2024-08-22 12:48:11,20584244,0xbb2c3efdffe6ef6de4fc439a1a8260ccd5e25d6ea357b5f6006c4527b0c346e7,0x4dbd4fc535ac27206064b68ffcf827b0a60bab3f,Arbitrum: Delayed Inbox,0x8315177ab297ba92a06054ce80a67ed4dbd7ed3a,Arbitrum: Bridge,34755.28
2024-08-22 13:23:23,20584420,0xf674f77d5215235cd5295b75afd66b6d352c327de335cad29dd7b31b47fdde50,0x8021140cde8767414fe1b12bfbe6de0475f0604c,,0x23aaf393ae14aa9d7605f9c512720dceba4fb179,KuCoin_Deposit_0x23aa,34755.3
2024-08-22 13:03:23,20584320,0x9bb42cd9a30bca188a102f037695705ce586c608d3119e9ad074eb2f3df9bd3f,0x8021140cde8767414fe1b12bfbe6de0475f0604c,,0x23aaf393ae14aa9d7605f9c512720dceba4fb179,KuCoin_Deposit_0x23aa,52132.95
2024-08-22 08:26:23,20582941,0xfd9f05f2eb3673eebfd4c2b3af50fa8503a3486a5c7f00e92bf5213d774f6b9c,0x1231deb6f5749ef6ce6943a275a1d3e7486f4eae,LI.FI: LiFi Diamond,0x5c7bcd6e7de5423a257d81b442095a1a6ced35c5,Across Protocol: Ethereum Spoke Pool V2,521329.5
2024-08-22 13:16:35,20584386,0xf2981baa18811e8b1178774af88e22d86efb06171a7f99da870520bbef272784,0x1231deb6f5749ef6ce6943a275a1d3e7486f4eae,LI.FI: LiFi Diamond,0x5c7bcd6e7de5423a257d81b442095a1a6ced35c5,Across Protocol: Ethereum Spoke Pool V2,34755.25
2024-08-22 13:33:11,20584468,0xbaa7a09358572870ab2d60983c3a3cef37d0ae4d29c7b7ad67c41d084e5eac61,0x1231deb6f5749ef6ce6943a275a1d3e7486f4eae,LI.FI: LiFi Diamond,0x5c7bcd6e7de5423a257d81b442095a1a6ced35c5,Across Protocol: Ethereum Spoke Pool V2,104265.85
2024-08-22 13:57:35,20584590,0xc892294e7c82615c02f87b842fa33d8362eb3f8177718a31c15596bba1fcbb6d,0x1231deb6f5749ef6ce6943a275a1d3e7486f4eae,LI.FI: LiFi Diamond,0x5c7bcd6e7de5423a257d81b442095a1a6ced35c5,Across Protocol: Ethereum Spoke Pool V2,155787.46
2024-08-22 12:25:23,20584130,0x7afd9c8c0a53b333067036014c818bcd5207b149d537f66c5081a14ec2f11b6d,0x8021140cde8767414fe1b12bfbe6de0475f0604c,,0xf2ba59c0d4fefe1a69fb03f504b7b243db9d6bf5,,3475.53
2024-08-22 13:48:11,20584543,0x57618ce0a8509067c4c0be65180f70bc379faec3573e1a6fbcbf64cd7329f373,0x8021140cde8767414fe1b12bfbe6de0475f0604c,,0xf2ba59c0d4fefe1a69fb03f504b7b243db9d6bf5,,41958.65
2024-08-22 16:52:11,20585458,0x47c066c58d25197fb6bd6e8399f051b1a5019c9d580f8813b4cd248bf6e0f0e9,0x472eb0b32b403d0744c492545d43a0330b5037ca,,0x7abb6a5b71d860c0ba0dac83e0a5485fbb8e3713,,3823.08
2024-08-22 17:41:23,20585701,0x0ae862e7d0fd30b650b42909e88e105b821810bbb735ac563579b8572c3c2d41,0x7abb6a5b71d860c0ba0dac83e0a5485fbb8e3713,,0xf1da173228fcf015f43f3ea15abbb51f0d8f1123,eXch,3823.0
2024-08-22 14:05:59,20584631,0xfadbc3b5e2f6f24f76ea7c7feca57d2253053135f0706e98dc6294f4b576c7a9,0xf2ba59c0d4fefe1a69fb03f504b7b243db9d6bf5,,0x45300136662dd4e58fc0df61e6290dffd992b785,KuCoin 17,41958.51
2024-08-22 12:39:23,20584200,0x75fb0d835357d85cca8287d8f8428b5b662d5ded7c4437f245b35a7eb9417003,0xf2ba59c0d4fefe1a69fb03f504b7b243db9d6bf5,,0x45300136662dd4e58fc0df61e6290dffd992b785,KuCoin 17,3475.34
2024-08-22 22:20:35,20587095,0x365860bc2954f5b5d0860f5a18e1eeee71c363eeca094bfa59c485c7255b0ee5,0x472eb0b32b403d0744c492545d43a0330b5037ca,,0x9f5ebf1bf779461f904f7288b7498145b0209ac5,,159.87
2024-08-22 22:41:35,20587199,0x1966bb6176f85e564fc52fad5194d8f1b4c7daa57114cfb5436815ffcb557b63,0x9f5ebf1bf779461f904f7288b7498145b0209ac5,,0xf1da173228fcf015f43f3ea15abbb51f0d8f1123,eXch,159.81
2024-08-23 18:23:59,20593069,0x6ecdf320efe72b483a06c1cfc95233dd53346f27893bb2068e9e75fffb3c3c76,0x77b9f7e33e42b1f64b915bb27e9a9bca199da83e,transit_77b9,0xdc456baa3ab206a5f93401a86dddbd29eac883c3,,212007.33
2024-08-23 18:53:23,20593216,0x47f7c4e0600230008c7849effbbcf2afc4d7cabbafc9e8c0c6f1ed793db08cc0,0xdc456baa3ab206a5f93401a86dddbd29eac883c3,,0xf1da173228fcf015f43f3ea15abbb51f0d8f1123,eXch,212007.14
2024-08-23 19:34:35,20593420,0x1d4532bec533c0639c0f93a9cbf95a8a86e51d9f172c7fa911e83e88f9ab8078,0xdd6397104d57533e507bd571ac88c4b24852bce9,,0xc9375fbfc0855b50316e68982001d5b7d0e9d028,transit_c937,10000000.0
2024-08-23 19:35:11,20593423,0xd49d36fb496da1d616e60d786911c25aa1a78d3c52af793574a7060298295ead,0xdd6397104d57533e507bd571ac88c4b24852bce9,,0xc9375fbfc0855b50316e68982001d5b7d0e9d028,transit_c937,9273858.04
2024-08-23 19:36:23,20593429,0x814f702829eaa9ddc9c1208d07c65d42ce0df653185a2ce82825eee0f0ce74f6,0x77b9f7e33e42b1f64b915bb27e9a9bca199da83e,transit_77b9,0x227da5e4b5588c86667a6c7cd95288be85742db3,,163349.91
2024-08-23 20:01:23,20593554,0xdb2d544bac7f211af2743b66ffd621630aeec843a3666e97d1a36a7d01e7d5e5,0x227da5e4b5588c86667a6c7cd95288be85742db3,,0xf1da173228fcf015f43f3ea15abbb51f0d8f1123,eXch,163349.73
2024-08-23 20:23:11,20593663,0x4324b4a6b6e5286366579f4297e188969c1555e3c62acaf5c90c442fbd9f6f63,0xfb65a68d4583b6d3a61ccd90655c0b7b4677e9a6,transit_fb65,0x4ee036077e55632a2a030425cd59fc0f75840b35,,4000.0
2024-08-24 08:37:35,20597312,0xd11036c4824901074c86079b2e5e05f7cbe46313f4ce18cad4980e511060485a,0x77b9f7e33e42b1f64b915bb27e9a9bca199da83e,transit_77b9,0x68814d016bd34a49ebc5d5d4d1f565cde75d4e92,,52132.95
2024-08-24 08:38:59,20597319,0x66c963698f6ec088f830b3181160043ac44154f66bcd52895127003846f7dc5f,0x77b9f7e33e42b1f64b915bb27e9a9bca199da83e,transit_77b9,0x52dfa61a658b64a6c4f4062b3dd5ef5059c4b6da,,62559.54
2024-08-24 08:48:59,20597369,0x1d3b8b740439f8f70806337e81b9bc2182209aaf85fc7e14df65338fba0502a5,0x77b9f7e33e42b1f64b915bb27e9a9bca199da83e,transit_77b9,0xcbcbb92c96dc0600fb0decb8e18cbbef3cb99f93,,66035.07
2024-08-24 08:52:23,20597386,0x32fe8e1e5e332edbf9350f84d3cd84f1fb30eecf8eebbd4e2b25a2de8d63b563,0x77b9f7e33e42b1f64b915bb27e9a9bca199da83e,transit_77b9,0x36b202b1c6a68cbe9b48683c6a917c537087a26a,,72986.13
2024-08-24 08:56:47,20597408,0x5f94d03f66cd094d188a30a88b3e72b60c9f35735eb15f61cd8cebf88de8bcd2,0x77b9f7e33e42b1f64b915bb27e9a9bca199da83e,transit_77b9,0xe7f4b7b741e549cd99d7f1f5abde239c2dbce45f,,72986.13
2024-08-24 09:03:11,20597439,0xa0ec3ed25343821d3ca12738783f7578382667618bf8094069425bfc717988f5,0x77b9f7e33e42b1f64b915bb27e9a9bca199da83e,transit_77b9,0xbfe1c7db8894bafa0459991bf6e77615db94f287,,72986.13
2024-08-24 09:05:59,20597453,0xddde4fd2856f515ac267c83ac9385721da9c193cfc7755c10b0ba0b485beb658,0x77b9f7e33e42b1f64b915bb27e9a9bca199da83e,transit_77b9,0xb26c68370db0dfee465d9e1bcaad95bbbae2a5ed,,72986.13
2024-08-24 09:10:47,20597477,0x5a6e32983f55fe0e25f6305a5d93ee67925154c09f1ff08d158987bdc111599b,0x77b9f7e33e42b1f64b915bb27e9a9bca199da83e,transit_77b9,0xbfbe186e8892012e992b8eb046ffc6096fd500f3,,72986.13
2024-08-24 09:13:23,20597490,0xd8d3679bed4c671af08e66520d35e5aacdc4eb7f932eed94cc465b7b20df6e6b,0x52dfa61a658b64a6c4f4062b3dd5ef5059c4b6da,,0xf1da173228fcf015f43f3ea15abbb51f0d8f1123,eXch,62559.48
2024-08-24 09:13:23,20597490,0x3db1dfe57629790613a4943bbc3c1ed8df53b57284a8fccac9d753b25624d3c2,0x68814d016bd34a49ebc5d5d4d1f565cde75d4e92,,0xf1da173228fcf015f43f3ea15abbb51f0d8f1123,eXch,52132.89
2024-08-24 09:14:35,20597496,0x9c90882effe0334aaf9fe8675644d5b381b2abf609f3615c89c470daf4a7f4c3,0x77b9f7e33e42b1f64b915bb27e9a9bca199da83e,transit_77b9,0xdbd4b7f150fa1758f014bb2f95c155d96e07aa5f,,72986.13
2024-08-24 09:23:23,20597540,0xcf531e358a8f0048839647a0ef8531abf8388fccf6b19873e53ef217defcc283,0x36b202b1c6a68cbe9b48683c6a917c537087a26a,,0xf1da173228fcf015f43f3ea15abbb51f0d8f1123,eXch,72986.07
2024-08-24 09:23:23,20597540,0x6ee1a988a9a9f374603ecf386d5171209d0e4015faac709c9a2e2367513f1f2d,0xe7f4b7b741e549cd99d7f1f5abde239c2dbce45f,,0xf1da173228fcf015f43f3ea15abbb51f0d8f1123,eXch,72986.07
2024-08-24 09:23:23,20597540,0x9fa0e4cc969fd0653b722b681b2f02606b3f8957604722a1d67e3312ffd804c9,0xcbcbb92c96dc0600fb0decb8e18cbbef3cb99f93,,0xf1da173228fcf015f43f3ea15abbb51f0d8f1123,eXch,66035.01
2024-08-24 09:33:23,20597590,0xd0c9a4621c9838c88a7bcf236bd50175e1d7f320c1a94dc1c91251952aaf43d1,0xb26c68370db0dfee465d9e1bcaad95bbbae2a5ed,,0xf1da173228fcf015f43f3ea15abbb51f0d8f1123,eXch,72986.07
2024-08-24 09:33:23,20597590,0xacd4547a2c93f4e5a3a16978a9914d5555f614d5a86facbad753abba78215866,0xbfe1c7db8894bafa0459991bf6e77615db94f287,,0xf1da173228fcf015f43f3ea15abbb51f0d8f1123,eXch,72986.07
2024-08-24 09:35:23,20597600,0x75ee0fce49aad05c8fc1c3debfe8f13c0655f7a0643a530911818a199468ac6c,0xbfbe186e8892012e992b8eb046ffc6096fd500f3,,0xf1da173228fcf015f43f3ea15abbb51f0d8f1123,eXch,72986.07
2024-08-24 09:37:47,20597612,0x2b8e9aa58f5621d645d96467f990292d68f7817660ded1cdf15e4e7c9559286b,0xdbd4b7f150fa1758f014bb2f95c155d96e07aa5f,,0xf1da173228fcf015f43f3ea15abbb51f0d8f1123,eXch,72986.07
2024-08-24 09:40:23,20597624,0x6db8438e9e2ac3425575b9c99cdaade2bea46b6604fdf3cce2fba8e7aa75dff5,0x77b9f7e33e42b1f64b915bb27e9a9bca199da83e,transit_77b9,0x9b06713aeabaf6cbc7db93a5f1d7966cd6fd7e03,,72986.13
2024-08-24 10:01:59,20597732,0x09ce621673b300597e05ceacd85178331c07fb1426bc5b02b3dadbdf4f31c6ca,0x77b9f7e33e42b1f64b915bb27e9a9bca199da83e,transit_77b9,0x18a82424b54846e86db91d72f0055ff3b656e75a,,72986.13
2024-08-24 10:04:23,20597744,0xe82b03c409da88e4f15c3fe3f52ba8f974ed8ef12da85f9c5a2dc35484022471,0x77b9f7e33e42b1f64b915bb27e9a9bca199da83e,transit_77b9,0x4adc40335b676ff8ad08ca4d6c3fddd840496c53,eXch_Deposit_0x4adc,72986.13
2024-08-24 10:09:35,20597770,0xa09274678a1a25cc9c326a0f87595c4aa22dd225b403c1964d87f7b10421fb6b,0x9b06713aeabaf6cbc7db93a5f1d7966cd6fd7e03,,0xf1da173228fcf015f43f3ea15abbb51f0d8f1123,eXch,72986.05
2024-08-24 10:24:23,20597843,0xb7f43608ae29a1d98819ae3b9e4fb87781996f7eb21b962ed40e1d0e7318241e,0x77b9f7e33e42b1f64b915bb27e9a9bca199da83e,transit_77b9,0x87b2d2226fd74d1a9d505e112d5dbecf4e6ea19d,,72986.13
2024-08-24 10:39:23,20597917,0x70747df39b814102c2acd286b7dbd98f371c67110ef53ede04e3829589dd333d,0x4adc40335b676ff8ad08ca4d6c3fddd840496c53,eXch_Deposit_0x4adc,0xf1da173228fcf015f43f3ea15abbb51f0d8f1123,eXch,72986.07
2024-08-24 10:39:23,20597917,0xa818c16dd6d74a07fede022fda80a7c1bc90d27bec03f086bb7e931fdc895ce1,0x18a82424b54846e86db91d72f0055ff3b656e75a,,0xf1da173228fcf015f43f3ea15abbb51f0d8f1123,eXch,72986.07
2024-08-24 10:47:35,20597958,0x57420ba59d0a628879af8e6e25679056aa16b91d4b07eaa48b2906639b70b005,0x87b2d2226fd74d1a9d505e112d5dbecf4e6ea19d,,0xf1da173228fcf015f43f3ea15abbb51f0d8f1123,eXch,72986.07
2024-08-25 01:06:11,20602217,0x75324794fcc29d5eadce98a029871dbfed078aa6c3fb510846fc45396fead30d,0x4ee036077e55632a2a030425cd59fc0f75840b35,,0x58d43ecfd767deec65c574daddc00a3e2f876ae6,,2225.0
2024-08-25 01:19:59,20602286,0xe6bdbd0c817a8c0cae8826acd2bd8ea515e4544d9a77d0418bb92f89e3071dc1,0x58d43ecfd767deec65c574daddc00a3e2f876ae6,,0xf1da173228fcf015f43f3ea15abbb51f0d8f1123,eXch,2225.0
2024-08-25 06:15:59,20603757,0xbba5285e5702230aaa937e7fbaf1c884cfa8b415d36b1f9263e3b9595f814470,0xbeda662dc22c972498a18cbddfb22b8ff9fde97c,transit_beda,0xd28b9ae47fe61eb0f24d90bdf65f6a679311c2aa,,118168.02
2024-08-25 06:39:23,20603873,0xf18745e2a2293bbe2b9cb634359eab5fac75d24df02f32e51da54c8bb569af9d,0xd28b9ae47fe61eb0f24d90bdf65f6a679311c2aa,,0xf1da173228fcf015f43f3ea15abbb51f0d8f1123,eXch,118167.95
2024-08-25 09:02:59,20604585,0xcdbb9269520ed91db6aecfe3ec2ef073afcdafceb7e09098792f2a84124b9b2e,0x860cf33bdc076f42edbc66c6fec30aa9ee99f073,transit_860c,0x3cef57ddfd73e270d382dac18990b4d9c7863078,,50000.0
2024-08-25 09:03:23,20604587,0x248cba4817c938a5e35a6a9b08ce93e2c804079f0065e3b812252624c02884c5,0x860cf33bdc076f42edbc66c6fec30aa9ee99f073,transit_860c,0xbaebf0400f438ad771401a4daa79f47a4ff96a4c,,50000.0
2024-08-25 09:04:23,20604592,0xa2b5ef4727d01d985bd1fabf10415e407b481d508ebd4bfb263cdad8100b5188,0x860cf33bdc076f42edbc66c6fec30aa9ee99f073,transit_860c,0xb847787f18208c7c9aadcd50966eb9a1539e5814,,50000.0
2024-08-25 09:04:47,20604594,0xe0ef660503f4b67dbdb4dad45fe30e1c578120cff5699f0741baeee9160b7bca,0x860cf33bdc076f42edbc66c6fec30aa9ee99f073,transit_860c,0x1a9edb477f744cbe1f0d183e9772b357face5370,,50000.0
2024-08-25 09:05:11,20604596,0x021309b708ab5ce8c2417e977269a03f003f366215dce861b784891c7757492b,0x860cf33bdc076f42edbc66c6fec30aa9ee99f073,transit_860c,0xb46fb08e3729fe144672b200af6ec07afa4cc45f,eXch_Deposit_0xb46f,50000.0
2024-08-25 09:05:35,20604598,0x2db20c9e1c5972a5ad17be0130d75c0993ad1853980c12dd74919efd2e15b387,0x860cf33bdc076f42edbc66c6fec30aa9ee99f073,transit_860c,0x4b3952acb05f348dfcce65609b57a4f67695e214,,50000.0
2024-08-25 09:05:35,20604598,0xc47b09c58a264c8793b1c2ad572b461613312a87c8b30e2f78285ece10a9cee9,0x860cf33bdc076f42edbc66c6fec30aa9ee99f073,transit_860c,0x8a9e2b32af22ce56b3eb6f75b1a44e3658edfab4,,50000.0
2024-08-25 09:05:47,20604599,0x0c1891d4133242345b8a4a72f9687dc90e2478f7076d2e2e63b7088ae6b95251,0x860cf33bdc076f42edbc66c6fec30aa9ee99f073,transit_860c,0x6ba9fdaaf704488ba37d3f5451125c774b7c8ee8,,50000.0
2024-08-25 09:06:11,20604601,0x5565e6b538730d4b64107fe20474962e1f12d2070ac7c8bb6b575bb9a2129757,0x860cf33bdc076f42edbc66c6fec30aa9ee99f073,transit_860c,0x65edf7d29e5612ef0eac1fa89c5f0de2f44e57bf,,50000.0
2024-08-25 09:06:23,20604602,0xdaffa3632354ab70f9e3ee1bf4db230af555b4a3870cef74a24c21313cd697f3,0x860cf33bdc076f42edbc66c6fec30aa9ee99f073,transit_860c,0x3b731a80f6d40706c829889235f6aeb567c43703,,50.0
2024-08-25 09:07:59,20604610,0xe2f2aee12d33da0ba1c546c1d4fc77d543a0026a014667b83a872abf24620b04,0x860cf33bdc076f42edbc66c6fec30aa9ee99f073,transit_860c,0xd78ca96cb8516d01270017337bf1b5f8f9d4e4fa,,50000.0
2024-08-25 09:07:59,20604610,0x8ffafffe8c65311e700b7049a66aaa99bc949824764d5672c9f78e095de88478,0x860cf33bdc076f42edbc66c6fec30aa9ee99f073,transit_860c,0x0ddddf32f44b3c103983849112aed39423bf3eba,,50000.0
2024-08-25 09:08:11,20604611,0x957c9899c2cd113805a960026ca6120af1d5686e11e9b89508620a47c90cb894,0x860cf33bdc076f42edbc66c6fec30aa9ee99f073,transit_860c,0x06bfc010e7d587bea8c87bd9ff05d0928c306b29,,50000.0
2024-08-25 09:08:47,20604614,0x5200a0d8c485420ca4c98320d58ff541aa6c0497203c52caa7c7ab07e3052c0d,0x860cf33bdc076f42edbc66c6fec30aa9ee99f073,transit_860c,0x6567a846d38a3190526104b738c08b8e520448a1,,50000.0
2024-08-25 09:08:35,20604613,0x8979a2237820c39d6d6896fe1f521427324ae7555927dfb9a1bb37e3cba64b71,0x860cf33bdc076f42edbc66c6fec30aa9ee99f073,transit_860c,0x6567a846d38a3190526104b738c08b8e520448a1,,50000.0
2024-08-25 09:08:59,20604615,0x00c07caa09df2d371f603d0e01a38eca06b935a33534070f2d7e8331ca98c658,0x860cf33bdc076f42edbc66c6fec30aa9ee99f073,transit_860c,0x24b805f0c24760d55b27aeaac88edab531eff31e,,50000.0
2024-08-25 09:11:23,20604627,0xe657d8ea964bf8fa2c00392e6dc2d793fd990a7214cfba3b38f19a7e86c8832f,0x860cf33bdc076f42edbc66c6fec30aa9ee99f073,transit_860c,0x3e01968fbf9f934cdfe81a4f6855850c151a759c,,50000.0
2024-08-25 09:11:47,20604629,0x83fa46e5fb3ab4304f41fab6c737678c23ef1a39f11e791414ddfdb487599472,0x860cf33bdc076f42edbc66c6fec30aa9ee99f073,transit_860c,0x2117f4c770e633c53cc6f35fe9cbab5d6ae7b881,,50000.0
2024-08-25 09:11:59,20604630,0xfaaf41ea3321c49958b0abbabfa8523706f5046177000ce4bb1aa4c03ad97d93,0x860cf33bdc076f42edbc66c6fec30aa9ee99f073,transit_860c,0xbdce311ce503b69e6a4c40a2bcd806173429d403,,50000.0
2024-08-25 09:12:23,20604632,0xe0f35f32e7cb1138e5262daac98aa191b75e0ae4dd304386195ddd4d996298ce,0x860cf33bdc076f42edbc66c6fec30aa9ee99f073,transit_860c,0xd06f45294fc36bfa922dc42f4bff7af45b9032ba,,50000.0
2024-08-25 09:25:23,20604697,0xa98216405a9e42511523aa89047ea917f0098fc15c3d1162d0d4994ff02795a1,0x3cef57ddfd73e270d382dac18990b4d9c7863078,,0xf1da173228fcf015f43f3ea15abbb51f0d8f1123,eXch,50000.0
2024-08-25 09:59:35,20604865,0x6a633ccfa60ed00bddbdc6e1c1e5344d355698a19cd0c39c6ca2910feda736e8,0x1a9edb477f744cbe1f0d183e9772b357face5370,,0xf1da173228fcf015f43f3ea15abbb51f0d8f1123,eXch,50000.0
2024-08-25 10:23:23,20604984,0x07ba16685f3baeee08f6e222cf6ed40ec97b23947c0ff20382a25879f050f209,0xbaebf0400f438ad771401a4daa79f47a4ff96a4c,,0xf1da173228fcf015f43f3ea15abbb51f0d8f1123,eXch,50000.0
2024-08-25 10:45:23,20605093,0xffeb00be59f1247901dd0c31b70dd91e11fb9c19ee373fbb9374e3945f6e2927,0xb847787f18208c7c9aadcd50966eb9a1539e5814,,0xf1da173228fcf015f43f3ea15abbb51f0d8f1123,eXch,50000.0
2024-08-25 10:56:35,20605149,0x67010119a317ef0624804ce83bc98c3a022c25029402879f6a50f1ef689f787e,0x4b3952acb05f348dfcce65609b57a4f67695e214,,0xf1da173228fcf015f43f3ea15abbb51f0d8f1123,eXch,50000.0
2024-08-25 11:06:47,20605200,0xbf97d302bad30f8f3257a21f28e888f632a6e1e851f5c80dd50b676de23b8122,0x65edf7d29e5612ef0eac1fa89c5f0de2f44e57bf,,0xf1da173228fcf015f43f3ea15abbb51f0d8f1123,eXch,50000.0
2024-08-25 11:23:23,20605283,0xb588064606d0c6b31db5a7ee48cdb60231ea7dd0fae7a5c269b6dbf61829fc6a,0x6ba9fdaaf704488ba37d3f5451125c774b7c8ee8,,0xf1da173228fcf015f43f3ea15abbb51f0d8f1123,eXch,50000.0
2024-08-25 11:23:23,20605283,0xe7da3ef866968cd632c17456e4f8d7a0b0752cf71428f4c124781fa32dfbd23a,0x3b731a80f6d40706c829889235f6aeb567c43703,,0xf1da173228fcf015f43f3ea15abbb51f0d8f1123,eXch,50.0
2024-08-25 11:29:11,20605312,0xb2c62e3fd79a70874f4db20d895e430bf2b525475e2ae1079c890c816c3670d3,0x8a9e2b32af22ce56b3eb6f75b1a44e3658edfab4,,0xf1da173228fcf015f43f3ea15abbb51f0d8f1123,eXch,50000.0
2024-08-25 11:39:23,20605363,0x1fffdcda290419b159f8adce52884bfdc4f354a19f93f6e6af68c165748f8b38,0xd78ca96cb8516d01270017337bf1b5f8f9d4e4fa,,0xf1da173228fcf015f43f3ea15abbb51f0d8f1123,eXch,50000.0
2024-08-25 11:49:23,20605413,0x1256c0e75f7225b3af0316e31587fdbc8b5cc2c4911a1a9cda0ae165c7a46a93,0x06bfc010e7d587bea8c87bd9ff05d0928c306b29,,0xf1da173228fcf015f43f3ea15abbb51f0d8f1123,eXch,50000.0
2024-08-25 11:49:23,20605413,0x9fec3b77349693a7aad805e3e8e868f174e2d2ae45f52e02c14cb07982727687,0x0ddddf32f44b3c103983849112aed39423bf3eba,,0xf1da173228fcf015f43f3ea15abbb51f0d8f1123,eXch,50000.0
2024-08-25 11:51:23,20605423,0x843c32b75a36e66745df02f27389a993d106adf339bf4b2007742eb2ced1536f,0x6567a846d38a3190526104b738c08b8e520448a1,,0xf1da173228fcf015f43f3ea15abbb51f0d8f1123,eXch,100000.0
2024-08-25 12:11:23,20605523,0xaaaa1494db40c9ed1155a4747165d7bf9f7bd5bd4daa0ca10943a9db7cc71f07,0x24b805f0c24760d55b27aeaac88edab531eff31e,,0xf1da173228fcf015f43f3ea15abbb51f0d8f1123,eXch,50000.0
2024-08-25 12:11:23,20605523,0x601e8d9b26755532d7ddbdc22c0b1279af5ce82345ee0c291bf6219b6d24ffad,0x3e01968fbf9f934cdfe81a4f6855850c151a759c,,0xf1da173228fcf015f43f3ea15abbb51f0d8f1123,eXch,50000.0
2024-08-25 12:25:35,20605592,0xaabef605fda7f7722c5a4c337920474a1fa85c56824f07f87a60a163c317bf14,0x2117f4c770e633c53cc6f35fe9cbab5d6ae7b881,,0xf1da173228fcf015f43f3ea15abbb51f0d8f1123,eXch,50000.0
2024-08-25 12:31:23,20605621,0x1104f8aae0d5dbbbd2130857e9904b3fe381325417aaeeb8536782ea42d57370,0xd06f45294fc36bfa922dc42f4bff7af45b9032ba,,0xf1da173228fcf015f43f3ea15abbb51f0d8f1123,eXch,50000.0
2024-08-25 12:31:23,20605621,0xeb40500c9cbdaa9f5c941395c943e6a796ca94d6601a3b84df8d768a015dc9d2,0xbdce311ce503b69e6a4c40a2bcd806173429d403,,0xf1da173228fcf015f43f3ea15abbb51f0d8f1123,eXch,50000.0
2024-08-25 12:42:47,20605678,0xa1287c7ddf4027721e44ab55a7ded640909c5c1de6139fdc31aefe51011635a9,0x860cf33bdc076f42edbc66c6fec30aa9ee99f073,transit_860c,0xc01bf2530adf8f053a74e83201e37818dd9f9597,,50000.0
2024-08-25 12:42:59,20605679,0x63f5ecf67cd26debe5e9771ce470f944bbef64a23cf32e97bb2511a99279c15b,0x860cf33bdc076f42edbc66c6fec30aa9ee99f073,transit_860c,0x2c8a7826672e3ae9e2d3a7f1ecce18e5c5539a7a,,50000.0
2024-08-25 12:43:11,20605680,0xfab07a5a0da52caaf058229de27f96f38ebd4fb4c218430d28c802ccdc06ceda,0x860cf33bdc076f42edbc66c6fec30aa9ee99f073,transit_860c,0xe7d9ea25df87067051c039c97ab4bafe6b3050ab,,50000.0
2024-08-25 12:43:35,20605682,0x4f8940b4da6a2d0a19d94d68bbf3418c8c3034c4b6fd5393efe698bde261cc46,0x860cf33bdc076f42edbc66c6fec30aa9ee99f073,transit_860c,0xb8c46532b93417e612a9745067400167cdbd307d,,45000.0
2024-08-25 14:36:11,20606240,0x546bd4390259db9bba105bd076816bcfb41b45d3fbe701fca9e05b42fa889d5d,0xb46fb08e3729fe144672b200af6ec07afa4cc45f,eXch_Deposit_0xb46f,0xf1da173228fcf015f43f3ea15abbb51f0d8f1123,eXch,50000.0
2024-08-25 15:13:23,20606426,0x52db8c3fa8a0d06c8d2c499ad628fa77b7073401657acf0b9d512ee217a26015,0xc01bf2530adf8f053a74e83201e37818dd9f9597,,0xf1da173228fcf015f43f3ea15abbb51f0d8f1123,eXch,50000.0
2024-08-25 15:27:35,20606496,0xdba903f07b63af19a66f9648263ea784718dc8743cd8a11dba744e062ee55f9c,0x2c8a7826672e3ae9e2d3a7f1ecce18e5c5539a7a,,0xf1da173228fcf015f43f3ea15abbb51f0d8f1123,eXch,50000.0
2024-08-25 15:39:23,20606554,0x7202e53045594ef68993c198634bcb9bafaf727c5946c69e290ae1854a42d6c9,0xe7d9ea25df87067051c039c97ab4bafe6b3050ab,,0xf1da173228fcf015f43f3ea15abbb51f0d8f1123,eXch,50000.0
2024-08-25 16:03:23,20606674,0x0f1e63d40854de20062c95b9256625b57384553ac4d57e644f9c6bcd2448552e,0xb8c46532b93417e612a9745067400167cdbd307d,,0xf1da173228fcf015f43f3ea15abbb51f0d8f1123,eXch,45000.0
2024-08-26 15:09:23,20613566,0xb030543d6f5e4ee0937cc68df902228186fcd679491d34c73ffede7d475afef5,0x77b9f7e33e42b1f64b915bb27e9a9bca199da83e,transit_77b9,0x40a50cf069e992aa4536211b23f286ef88752187,CoW Protocol: Eth Flow,4170636.0
2024-08-27 18:19:23,20621668,0x23d0bebb014a703d08250bc04e7d842f861a7bf0e38fa1b0c87a39807e34745b,0x825093013c3f89a5f1ea38fac17df80e77437f14,transit_8250,0x83f20f44975d03b1b09e64809b757c47f942beea,MakerDAO: sDAI Token,3000000.05
2024-08-27 18:28:23,20621713,0x2a479b4a6e8072aa1d3722de45c194e53eb0b170b1ad729745b558d53435f529,0x825093013c3f89a5f1ea38fac17df80e77437f14,transit_8250,0x83f20f44975d03b1b09e64809b757c47f942beea,MakerDAO: sDAI Token,1126405.51
2024-09-07 04:11:11,20696245,0x06924fd34d75d0eb96fce521aa1bf65e993cb71151376325c2f06a31ed420583,0x825093013c3f89a5f1ea38fac17df80e77437f14,transit_8250,0x83f20f44975d03b1b09e64809b757c47f942beea,MakerDAO: sDAI Token,24660.09
2024-08-27 18:19:23,20621668,0x23d0bebb014a703d08250bc04e7d842f861a7bf0e38fa1b0c87a39807e34745b,0x83f20f44975d03b1b09e64809b757c47f942beea,MakerDAO: sDAI Token,0x0000000000000000000000000000000000000000,Null Address,3000000.0
2024-08-27 18:28:23,20621713,0x2a479b4a6e8072aa1d3722de45c194e53eb0b170b1ad729745b558d53435f529,0x83f20f44975d03b1b09e64809b757c47f942beea,MakerDAO: sDAI Token,0x0000000000000000000000000000000000000000,Null Address,1126405.5
2024-09-07 04:11:11,20696245,0x06924fd34d75d0eb96fce521aa1bf65e993cb71151376325c2f06a31ed420583,0x83f20f44975d03b1b09e64809b757c47f942beea,MakerDAO: sDAI Token,0x0000000000000000000000000000000000000000,Null Address,24660.09
2024-08-27 19:03:23,20621888,0x6ceb6c7c416e9c7f1b255575191a9e6f6a5626196ce2c69f4f7150a6ec7f987c,0xbeda662dc22c972498a18cbddfb22b8ff9fde97c,transit_beda,0xd2091a85daf4a0349d7aa472212d1bb95077d34b,,15292.33
2024-08-27 19:27:11,20622006,0x4585a9dc3bc47c89e7d3ad7b5fa43155884bd8dc5257e512ff3118b47d1e610c,0xd2091a85daf4a0349d7aa472212d1bb95077d34b,,0xf1da173228fcf015f43f3ea15abbb51f0d8f1123,eXch,15292.24
2024-08-28 01:56:11,20623945,0x15d187a346d79165f0aaff25be7d26c985fdfb22776887847cdf308103c966f3,0x825093013c3f89a5f1ea38fac17df80e77437f14,transit_8250,0xf621fb08bbe51af70e7e0f4ea63496894166ff7f,,17377.65
2024-08-28 01:57:47,20623953,0xc0ea086647de2db021cdfca02c6489cceda05c04acb3ad6a2eb7d253256b3d86,0x825093013c3f89a5f1ea38fac17df80e77437f14,transit_8250,0xf621fb08bbe51af70e7e0f4ea63496894166ff7f,,34755.3
2024-08-28 01:59:23,20623961,0x436050ee1e65af07e38dff3d50eb2bba2edd72baa14fc2682eac552840eb68f9,0x825093013c3f89a5f1ea38fac17df80e77437f14,transit_8250,0xf621fb08bbe51af70e7e0f4ea63496894166ff7f,,34755.3
2024-08-28 01:56:11,20623945,0x15d187a346d79165f0aaff25be7d26c985fdfb22776887847cdf308103c966f3,0xf621fb08bbe51af70e7e0f4ea63496894166ff7f,,0xb8f275fbf7a959f4bce59999a2ef122a099e81a8,Symbiosis Finance: Portal,12201.04
2024-08-28 01:57:47,20623953,0xc0ea086647de2db021cdfca02c6489cceda05c04acb3ad6a2eb7d253256b3d86,0xf621fb08bbe51af70e7e0f4ea63496894166ff7f,,0xb8f275fbf7a959f4bce59999a2ef122a099e81a8,Symbiosis Finance: Portal,24238.71
2024-08-28 01:59:23,20623961,0x436050ee1e65af07e38dff3d50eb2bba2edd72baa14fc2682eac552840eb68f9,0xf621fb08bbe51af70e7e0f4ea63496894166ff7f,,0xb8f275fbf7a959f4bce59999a2ef122a099e81a8,Symbiosis Finance: Portal,24438.61
2024-08-30 17:31:11,20642900,0x42a1757e23034967cde1394c29bff15360dc5afed6428437635ba1de17d553f0,0xf621fb08bbe51af70e7e0f4ea63496894166ff7f,,0xb8f275fbf7a959f4bce59999a2ef122a099e81a8,Symbiosis Finance: Portal,12208.01
2024-08-30 17:33:35,20642912,0x20ee23f6c20a16e66df27176bfa7df67c042c415b88e497e4fe91fd22ecdd7d8,0xf621fb08bbe51af70e7e0f4ea63496894166ff7f,,0xb8f275fbf7a959f4bce59999a2ef122a099e81a8,Symbiosis Finance: Portal,24576.76
2024-08-30 17:34:47,20642918,0xf94ea7d69453a746f66b15a0733ba619d7df5473b3eda09e7e6f982b39a32568,0xf621fb08bbe51af70e7e0f4ea63496894166ff7f,,0xb8f275fbf7a959f4bce59999a2ef122a099e81a8,Symbiosis Finance: Portal,12282.48
2024-08-28 02:18:47,20624057,0xbc5cb9114852ca36f0c4f0dc437779d2d34b17fa4d698ccb9bc581d78475f851,0x77b9f7e33e42b1f64b915bb27e9a9bca199da83e,transit_77b9,0xdcf94e13cee69ba3f1d05caa571357b58b5f9b8d,,389259.36
2024-08-28 03:09:11,20624308,0x1e1e72d2b3bcab3138a098eaee5a4e942b3f44b4dd911b1a975f3b2f3a320b84,0xdcf94e13cee69ba3f1d05caa571357b58b5f9b8d,,0xf1da173228fcf015f43f3ea15abbb51f0d8f1123,eXch,389259.29
2024-08-30 17:29:35,20642892,0x9dd60d20f2027b94fa78f89e14d79b1c4924ece2c0c6d92d095e034adf1fae09,0x825093013c3f89a5f1ea38fac17df80e77437f14,transit_8250,0x6d07e33fc5dd2ed1dcff885449f5824c22bd402f,,139021.2
2024-08-30 17:31:11,20642900,0x42a1757e23034967cde1394c29bff15360dc5afed6428437635ba1de17d553f0,0x6d07e33fc5dd2ed1dcff885449f5824c22bd402f,,0xf621fb08bbe51af70e7e0f4ea63496894166ff7f,,17377.65
2024-08-30 17:33:35,20642912,0x20ee23f6c20a16e66df27176bfa7df67c042c415b88e497e4fe91fd22ecdd7d8,0x6d07e33fc5dd2ed1dcff885449f5824c22bd402f,,0xf621fb08bbe51af70e7e0f4ea63496894166ff7f,,34755.3
2024-08-30 17:34:47,20642918,0xf94ea7d69453a746f66b15a0733ba619d7df5473b3eda09e7e6f982b39a32568,0x6d07e33fc5dd2ed1dcff885449f5824c22bd402f,,0xf621fb08bbe51af70e7e0f4ea63496894166ff7f,,17377.65
2024-08-30 18:40:47,20643248,0x92f2a1b7ed553e6e59db0a10f27e68729c689b2fb1bac171a8ca3aa3b5c6292a,0x825093013c3f89a5f1ea38fac17df80e77437f14,transit_8250,0xe7a2c603965e57f2b7876b0c84e0d7a9447030a2,,24328.71
2024-08-30 19:30:47,20643496,0xb53b01a98c463625930795a4ff72157b0d7be60521b6148eb443742b80717417,0xe7a2c603965e57f2b7876b0c84e0d7a9447030a2,,0xf1da173228fcf015f43f3ea15abbb51f0d8f1123,eXch,24328.62
2024-08-31 17:31:35,20650060,0x71710e71de8fbcf710abf8fdded09a557c296ebe151fa68be47c4f2cd3cee23f,0x825093013c3f89a5f1ea38fac17df80e77437f14,transit_8250,0xe7ef36a59043f4538331c22f4e27e75525d55842,,34755.3
2024-08-31 18:14:47,20650276,0x1afffbf0598672751f3d154585df46e89293380078f22b59accb8113695eb1a3,0xe7ef36a59043f4538331c22f4e27e75525d55842,,0xf1da173228fcf015f43f3ea15abbb51f0d8f1123,eXch,34755.23
2024-08-31 18:48:35,20650444,0x229f9938893234763dcd235527487a9eb2d60a6de36147db6a8c46feb7454011,0x6d07e33fc5dd2ed1dcff885449f5824c22bd402f,,0x45732e71751e55000e3691cec5e0470154476b1d,,69499.2
2024-08-31 19:22:35,20650613,0x97a75da515c4bc52f7911cab435e55367b56bfff6e41795b901948b95ab0cab6,0x45732e71751e55000e3691cec5e0470154476b1d,,0xf1da173228fcf015f43f3ea15abbb51f0d8f1123,eXch,69499.15
2024-09-01 15:11:11,20656530,0x17cc52072d368e90dde18ae954c87cbffdd665e9c84b257ca8b3432b2449449a,0x825093013c3f89a5f1ea38fac17df80e77437f14,transit_8250,0x33d091bdb4490e12a14130c3b9394f6d058eb9d1,,139021.2
2024-09-01 15:44:23,20656696,0x16b4753399d2b9570d2d28fe8c8bca22186015f419f0451a37c4ae7a43c0bab4,0x825093013c3f89a5f1ea38fac17df80e77437f14,transit_8250,0x8b97d659506c989de0c3686e1c8a5a855d34d44c,,173776.5
2024-09-01 15:44:59,20656699,0x2d19ab4d89a7bea3e3160b9af97ef27284e2e2bd422df3145e35daef9f30d352,0x33d091bdb4490e12a14130c3b9394f6d058eb9d1,,0xf1da173228fcf015f43f3ea15abbb51f0d8f1123,eXch,139021.12
2024-09-01 16:08:35,20656817,0x2a4481249e661dac6d477317d6cb73379659cb4e8aa3ffde9c60983e24d3dc5a,0x8b97d659506c989de0c3686e1c8a5a855d34d44c,,0xf1da173228fcf015f43f3ea15abbb51f0d8f1123,eXch,173776.42
2024-09-02 17:18:23,20664326,0x911f63e3c70e5a4d9dfc28fc7fed6ea30e939f466b50084130a10b93c08fd6c5,0x825093013c3f89a5f1ea38fac17df80e77437f14,transit_8250,0x41939b104e69d086271bffd6ebb74a252e9732a6,,34755.3
2024-09-02 17:22:11,20664344,0xc30d4ff7a322f5eaf98cd716b7fa963904c591ecd52a80c41cf5c5803ee5ff36,0x825093013c3f89a5f1ea38fac17df80e77437f14,transit_8250,0x685662c13378b2464c4fd1dda8d26d86178c4e23,,41706.36
2024-09-02 17:25:35,20664361,0x37c08545572d4a0540a4f1515c26f0c24384190210ef4557de843bc896009459,0x825093013c3f89a5f1ea38fac17df80e77437f14,transit_8250,0xd927a68f47cea9e739f5c1227b18707953ab8b54,,52132.95
2024-09-02 17:46:59,20664468,0xe2b8b05ba67df53e5573d36ab4686ef4733400e0c71f8cc9d7405198de67dc15,0xd927a68f47cea9e739f5c1227b18707953ab8b54,,0xf1da173228fcf015f43f3ea15abbb51f0d8f1123,eXch,52132.17
2024-09-02 18:35:11,20664708,0xeb96bc86778cedc93da8acbbfe8a87c116d0af492b6f2c06e87a19cc477d237c,0x41939b104e69d086271bffd6ebb74a252e9732a6,,0xf1da173228fcf015f43f3ea15abbb51f0d8f1123,eXch,34754.71
2024-09-02 18:35:11,20664708,0x0abee86fc035c368a53e42e99f377ae21518e6a65a9fa9e04a0c2488a6999f60,0x685662c13378b2464c4fd1dda8d26d86178c4e23,,0xf1da173228fcf015f43f3ea15abbb51f0d8f1123,eXch,41705.77
2024-09-02 22:05:23,20665756,0x67dad964b281b0be67c8b2a0a501ca75658cdc1b79ee6f149b86d092c74a05a7,0x825093013c3f89a5f1ea38fac17df80e77437f14,transit_8250,0x890191f1e008800dd8042173add37e1960b20c7a,,69510.6
2024-09-02 22:30:47,20665883,0xb1678826af97e198e8c1c9c4da825d2e6f46ab1f08692de6b72db1f4c47f0335,0x890191f1e008800dd8042173add37e1960b20c7a,,0xf1da173228fcf015f43f3ea15abbb51f0d8f1123,eXch,69510.47
2024-09-03 16:25:59,20671233,0x85ed01121dc32fc701db842733a52e42d14a05b15f5ff6aa2687ed661359a8f1,0x82c32f58ef59c84e74d0550f051cc86c6c5142f5,transit_82c3,0x01a53657eabe128ba07eff4401b6f06203ce9140,,59084.01
2024-09-03 16:26:23,20671235,0x85193bd1f8f1ca611e61880cf49dedd2a1dab634944a7cddf9a1a674fc15e28b,0x82c32f58ef59c84e74d0550f051cc86c6c5142f5,transit_82c3,0x028254d0c7cd27d4e17dedb880309f9bcb124c85,,59084.01
2024-09-03 16:26:35,20671236,0x43a189353d3db58d796fffb7714fc6d5be9bcb2e5aceaf440becae68bad697b4,0x82c32f58ef59c84e74d0550f051cc86c6c5142f5,transit_82c3,0xf0f686e8b5077bf0e3e2c3430a490b48bfa3661d,,55608.48
2024-09-03 19:59:47,20672301,0x904f995f9837712b748e05d85b6be0678efbed5595c272d3bd9b15ea53b4c7be,0x01a53657eabe128ba07eff4401b6f06203ce9140,,0xf1da173228fcf015f43f3ea15abbb51f0d8f1123,eXch,59083.81
2024-09-03 22:27:59,20673040,0xd12b87796e9a00e67555113e9bd8a1865d38ce7e41701040b2e4d4b339a289df,0x028254d0c7cd27d4e17dedb880309f9bcb124c85,,0xf1da173228fcf015f43f3ea15abbb51f0d8f1123,eXch,59083.95
2024-09-03 22:58:23,20673191,0x5ef9fbce01df6965b47f7009c8333b8769e17bb9c02b72d24711f251551c6a47,0xf0f686e8b5077bf0e3e2c3430a490b48bfa3661d,,0xf1da173228fcf015f43f3ea15abbb51f0d8f1123,eXch,55608.43
2024-09-04 02:08:35,20674132,0x233edddd7df1efcd7e000fbccab3105872f662084e6a7ffcaf084bec6f277667,0x77b9f7e33e42b1f64b915bb27e9a9bca199da83e,transit_77b9,0x42dedf37e3d2499858bf21f1f9e6855821e2c411,,500476.32
2024-09-04 02:11:59,20674149,0x6e7302e73c1775c0c32a2a17f72e39e30ca7c105a6c35bbc28dc0093a8bf9021,0x77b9f7e33e42b1f64b915bb27e9a9bca199da83e,transit_77b9,0xe887fef94b412889b76505e1993955c678dd4054,,90711.33
2024-09-04 02:31:35,20674247,0x48b41dd4a298d081b1dece7ab84e4ca30775bfe88cf27ca7175ace7116da30dc,0x42dedf37e3d2499858bf21f1f9e6855821e2c411,,0xd95554dc9ace7b8a0f76d676516eacdce7951f66,,500476.24
2024-09-04 02:37:47,20674278,0x85c441a46c43a0328212aae35256988aeb56b88ab3cc9736c3ef4e55aaf6ba67,0xe887fef94b412889b76505e1993955c678dd4054,,0xf72849cacff8505149c7f467054519db434bbb03,,90711.25
2024-09-04 05:26:11,20675115,0x40d35876d311f095be927be88b2d658177a6c526bf91694f25acdcf74f5002eb,0xd95554dc9ace7b8a0f76d676516eacdce7951f66,,0xd37bbe5744d730a1d98d8dc97c42f0ca46ad7146,THORChain: THORChain Router v4.1.1,500471.03
2024-09-04 08:34:35,20676053,0x97a4e7a8a9ee428aec4d52b6ef3d40a41be3938bb0e294ca16f7415779f424e9,0xd95554dc9ace7b8a0f76d676516eacdce7951f66,,0x077d360f11d220e4d5d831430c81c26c9be7c4a4,ChangeNOW: hot wallet,4.31
2024-09-04 18:27:11,20679003,0x1ff82374d97d9a82096ddad9eca55fb0d54f1c8a24513e6a721d52d46e342266,0xc9375fbfc0855b50316e68982001d5b7d0e9d028,transit_c937,0x9c7a7afde28cd5ab4f5731f8c4a0b51a176a6f86,transit_9c7a,34.76
2024-09-04 18:27:59,20679007,0x27c3998bf6c16c9e6215a9ed763a1872c8d949ffacd8f8c054d4fa307582619c,0xc9375fbfc0855b50316e68982001d5b7d0e9d028,transit_c937,0x9c7a7afde28cd5ab4f5731f8c4a0b51a176a6f86,transit_9c7a,347553.01
2024-09-04 18:36:47,20679051,0xf1043012c6c4e0d133aba298d82ae07b806d8e30e175127fb82c65aaa13e870e,0x9c7a7afde28cd5ab4f5731f8c4a0b51a176a6f86,transit_9c7a,0xbd9971ce31d606e3d5683167c1a4f84da5fe6ad8,,10354.69
2024-09-04 18:52:11,20679128,0xed43993a01a86b6a98055238a3236abe9fee390b9890ccfafdf6331d7c68034d,0x9c7a7afde28cd5ab4f5731f8c4a0b51a176a6f86,transit_9c7a,0x909c8bfc0786358fe3cc671d2921ef4ab3091d99,,13.01
2024-09-04 18:54:35,20679140,0xcdf6f4040ca16c7bdd184d135446705586d79208de80a1de0e9939feb02ac308,0x9c7a7afde28cd5ab4f5731f8c4a0b51a176a6f86,transit_9c7a,0x1e7e20f6d23c3c337146e6a7c781cd3bbbce780b,,56128.01
2024-09-04 18:57:47,20679156,0xf0946f18987b4a8cc4fbf32066fdf95a05468d95b7685c64f91a89f3803a3d21,0x9c7a7afde28cd5ab4f5731f8c4a0b51a176a6f86,transit_9c7a,0x4ef72a9c7c552c614108f7e09aa2415fa176cdb7,,684.84
2024-09-04 19:08:11,20679207,0x686206254f11e2807529fb32de60882e3182dd77781bfbff7df76a52c6cc39f7,0xbd9971ce31d606e3d5683167c1a4f84da5fe6ad8,,0xf1da173228fcf015f43f3ea15abbb51f0d8f1123,eXch,10354.28
2024-09-04 19:12:11,20679226,0x721227b962f90ed825f7df688cd6ee9ab6a47c8f36d6245e1afd781adb15093b,0x9c7a7afde28cd5ab4f5731f8c4a0b51a176a6f86,transit_9c7a,0x37253802817df85a46f9158d7b41509b0fe7389a,,7973.75
2024-09-04 19:17:47,20679254,0xfb7e696c6a6a3b0468b70e1f70f69d9ce1f8048e15b69807d1068300a6756fc1,0x909c8bfc0786358fe3cc671d2921ef4ab3091d99,,0xf1da173228fcf015f43f3ea15abbb51f0d8f1123,eXch,12.7
2024-09-04 19:24:35,20679288,0x3e393d079cc6bccda42ae1aa6158c69add4fd0def00641a8a9fb184149be6711,0x9c7a7afde28cd5ab4f5731f8c4a0b51a176a6f86,transit_9c7a,0xaa69bf086899add817985d991a601ccb72f3e4ae,,1313.28
2024-09-04 19:38:47,20679359,0xb9b1ed495a447962067230c790415bd5e09689b984902d5169d32856a9ee28d8,0x9c7a7afde28cd5ab4f5731f8c4a0b51a176a6f86,transit_9c7a,0x468d626b64e01498a77c62eed2a04b13aeabbe97,,35408.13
2024-09-04 19:54:59,20679440,0x5e2dca349dd6ce8f03fe803017ec40aeab3c205291cf1bad02dc53572ee991e7,0x9c7a7afde28cd5ab4f5731f8c4a0b51a176a6f86,transit_9c7a,0xf56889c29704e8477d95f9aed27c685c1163c9cd,,4815.17
2024-09-04 20:06:11,20679496,0xf7713bb95f6b4ad46cf77a51adfbe86837e7811b4d561988a2eac1a9a6727c3d,0x9c7a7afde28cd5ab4f5731f8c4a0b51a176a6f86,transit_9c7a,0x08e870eab24c1c285c12b0a762da6c5226a37ff0,,1173.67
2024-09-04 20:15:59,20679545,0xd32e980ab2244ddc9eea032cc27830102db179a80b40658dc1bb392a9bcc2f8e,0x37253802817df85a46f9158d7b41509b0fe7389a,,0xf1da173228fcf015f43f3ea15abbb51f0d8f1123,eXch,7972.81
2024-09-04 20:39:47,20679664,0xdd7fc46e8f31249c618d88dcf9d3a12cefe61a33eb88bc2d30fc09f6c8099674,0x468d626b64e01498a77c62eed2a04b13aeabbe97,,0xf1da173228fcf015f43f3ea15abbb51f0d8f1123,eXch,35406.83
2024-09-04 20:43:59,20679685,0x9d2521ba20dd483b28df4b608f1e4ad96c6f3e5df2f866be4b50c14f456837e2,0x08e870eab24c1c285c12b0a762da6c5226a37ff0,,0xf1da173228fcf015f43f3ea15abbb51f0d8f1123,eXch,1172.75
2024-09-04 20:57:59,20679754,0x830cb2d018fca6c65754627beb40b4cde81778850b2186a31904567e254c7af5,0xf56889c29704e8477d95f9aed27c685c1163c9cd,,0xf1da173228fcf015f43f3ea15abbb51f0d8f1123,eXch,4814.57
2024-09-04 20:59:47,20679763,0x5925e971b6ed3e3aca6ad9ffe929c7f1832a2955d2cc009df55bce20bfbcd27c,0xaa69bf086899add817985d991a601ccb72f3e4ae,,0xf1da173228fcf015f43f3ea15abbb51f0d8f1123,eXch,1312.78
2024-09-04 21:04:11,20679785,0x0f3a951ceb09b86117d7dcd73eab824e108366be667e6eca67e93a331fb1f3c2,0x9c7a7afde28cd5ab4f5731f8c4a0b51a176a6f86,transit_9c7a,0x1beb8e6ce9cc10849d5fce506bebea625dcf23a2,,1094.75
2024-09-04 21:21:47,20679873,0x3423e9d11b1678d3a62f192fef5f527bf77b277b94ae5a9507472821b623611d,0x1beb8e6ce9cc10849d5fce506bebea625dcf23a2,,0xf1da173228fcf015f43f3ea15abbb51f0d8f1123,eXch,1094.22
2024-09-04 21:44:35,20679987,0x5900a512ede9f3c9ba7b853f6c4d277e46da1375139249f989e237a299fd62a0,0x1e7e20f6d23c3c337146e6a7c781cd3bbbce780b,,0xf1da173228fcf015f43f3ea15abbb51f0d8f1123,eXch,56127.78
2024-09-04 21:44:35,20679987,0xf33f380173e85b421b1bbdd5d5c3a0cebac0ebdaf52a3599b44d37ef5ea2c6a1,0x4ef72a9c7c552c614108f7e09aa2415fa176cdb7,,0xf1da173228fcf015f43f3ea15abbb51f0d8f1123,eXch,684.61
2024-09-04 21:44:47,20679988,0x2148c9365f9cda660dac3f645866a9ce1a4a005a9aeb2d8915470b7aaac75523,0x9c7a7afde28cd5ab4f5731f8c4a0b51a176a6f86,transit_9c7a,0x5a8ada30fe354ff9a8f964ced408ad7a28b50e90,,4395.15
2024-09-04 21:54:35,20680037,0x2ecd19daa7f6ba2221c0e5674dbea122894270c1c9ddebbe2832d81729de9df4,0x9c7a7afde28cd5ab4f5731f8c4a0b51a176a6f86,transit_9c7a,0xa17627fbb5a4f7340263c651200a7c40350e5f3c,,13184.52
2024-09-04 22:10:59,20680119,0x75369f6f3285b20232eb28838d1b1fc0d256a1e895e5fd95a408ba1c308f4c87,0x9c7a7afde28cd5ab4f5731f8c4a0b51a176a6f86,transit_9c7a,0xad01d3be225915fe1514a889c793e81dd9e2e3c2,,1408.27
2024-09-04 22:36:11,20680245,0x10b80a5254a3142b8528687d2ab7f231e8e5c4b381cae52493e7bad482c8df2e,0x9c7a7afde28cd5ab4f5731f8c4a0b51a176a6f86,transit_9c7a,0x14d513eab477bf1d15ef1593d10c3eff7b57facf,,440.0
2024-09-04 22:46:23,20680296,0x31b2707a286dd23f2947cfae4d52779986199552b11809d75fa6c74fb50d004b,0x9c7a7afde28cd5ab4f5731f8c4a0b51a176a6f86,transit_9c7a,0xeed4deaa004b0753d9264ed8dce75720659c946d,,38131.47
2024-09-04 22:47:59,20680304,0xf137dfca2157b0f96e71dcea0f16a0f6b1c8128f4ea0707617d45e3f3dfcbdc4,0xad01d3be225915fe1514a889c793e81dd9e2e3c2,,0xf1da173228fcf015f43f3ea15abbb51f0d8f1123,eXch,1408.09
2024-09-04 22:48:23,20680306,0x03029fe9e7b6ed6d6e1a31a6935b946517613392d77278348226d75483ea9d56,0x5a8ada30fe354ff9a8f964ced408ad7a28b50e90,,0xf1da173228fcf015f43f3ea15abbb51f0d8f1123,eXch,4394.97
2024-09-04 22:55:59,20680344,0x4525e80a8bafd04bc2018a210bb2a138eeeaf45f76319ce643c69208e98ac9ea,0xa17627fbb5a4f7340263c651200a7c40350e5f3c,,0xf1da173228fcf015f43f3ea15abbb51f0d8f1123,eXch,13184.33
2024-09-04 23:05:11,20680389,0xa3847c4f94bd9c2ce013a19f2ae29159b6e30b7854b176d2804bc45cb0e680f9,0x9c7a7afde28cd5ab4f5731f8c4a0b51a176a6f86,transit_9c7a,0x7a384d2da0ee93d16bb50cedad4a319b86898a3a,,506.9
2024-09-04 23:09:47,20680412,0x28eb7eeee2c530209208aacddde11f4d40f5139887c6fd0a49c60792cbca0e8d,0x14d513eab477bf1d15ef1593d10c3eff7b57facf,,0xf1da173228fcf015f43f3ea15abbb51f0d8f1123,eXch,439.81
2024-09-04 23:22:23,20680475,0x242070a8fd7cd84d1a4fd5876402d2a19b9f82a57befdeb28fce1bf9ba889934,0x9c7a7afde28cd5ab4f5731f8c4a0b51a176a6f86,transit_9c7a,0x96380cc4cfbdab88f8e262b983f8d19a1fd75b64,,324.56
2024-09-04 23:42:47,20680577,0x76417562b27633dc7fd15f0300dbbf374aa201878e5d7ad2d25ff6d984301b94,0x9c7a7afde28cd5ab4f5731f8c4a0b51a176a6f86,transit_9c7a,0xed99272aa2ec35638ce3a5c6c1d66763f067e843,,2741.4
2024-09-04 23:59:35,20680660,0x375912b1f0997be2b6c367237b202dc117722aa52bc60f2a492bbae9872efafd,0x7a384d2da0ee93d16bb50cedad4a319b86898a3a,,0xf1da173228fcf015f43f3ea15abbb51f0d8f1123,eXch,506.72
2024-09-04 23:59:59,20680662,0x72b5c1e32353de64054de5056f2433c2584050c294b5e3ba8d094e976b5bf715,0x96380cc4cfbdab88f8e262b983f8d19a1fd75b64,,0xf1da173228fcf015f43f3ea15abbb51f0d8f1123,eXch,324.38
2024-09-05 00:06:23,20680694,0x45e1a9a1bb892fa02d25d8d448e2ecbf96c26a4f6fdbc8146860c78e77edfed5,0x9c7a7afde28cd5ab4f5731f8c4a0b51a176a6f86,transit_9c7a,0xe111c635ea97cc0e5400a95de0b154027db7b8a0,,885.78
2024-09-05 00:15:59,20680742,0xd0770b3c1318838f625629dea0c8eeb6834a2234e4246b5baa03c2dc5b9f8265,0xed99272aa2ec35638ce3a5c6c1d66763f067e843,,0xf1da173228fcf015f43f3ea15abbb51f0d8f1123,eXch,2741.19
2024-09-05 00:30:47,20680816,0xb787c962d3d7b00cf432d0c45ece94cf38ec0c08c4a6d33011ccdd6d6a165c32,0x9c7a7afde28cd5ab4f5731f8c4a0b51a176a6f86,transit_9c7a,0x5b809162249aec4e90bdbc058f63d76a116f1b17,,10921.32
2024-09-05 00:43:59,20680881,0x5762223f2e42f526d2c79bc84563ab0aba3507f0fb39e425c5fc20af0e7c8738,0xe111c635ea97cc0e5400a95de0b154027db7b8a0,,0xf1da173228fcf015f43f3ea15abbb51f0d8f1123,eXch,885.52
2024-09-05 00:53:11,20680927,0x5170fb52eb3e0923d80d32e2da860d5339cd3bc5f3ef6915ec6bec8425d61b5b,0x9c7a7afde28cd5ab4f5731f8c4a0b51a176a6f86,transit_9c7a,0xbc43e47b08dab70d7f44c343a3558ed9a947538c,,1255.83
2024-09-05 01:06:47,20680995,0x53e27df80480d4c8ff3fe6d4c995ed5e3d973b234a0adba4ea2cdbed25ca978c,0x9c7a7afde28cd5ab4f5731f8c4a0b51a176a6f86,transit_9c7a,0xa8851bb83789c787c66d29fc9f11ac2d15a8c5aa,,1054.64
2024-09-05 01:23:23,20681078,0x49883b6b2f17f058aba791086554322df3e26f6217efbfa1c8eb96ee685b482e,0x9c7a7afde28cd5ab4f5731f8c4a0b51a176a6f86,transit_9c7a,0x127600e25539b5b31731f597f064945fa11c2c79,,12638.5
2024-09-05 01:40:35,20681164,0xd14661cb68e87d6351003bab46b21ca9fdd23f9fc60925ee03e0ed9d6492679a,0x9c7a7afde28cd5ab4f5731f8c4a0b51a176a6f86,transit_9c7a,0xa0225ebefcd427cac8f1ab298f833fbe88ee2bfa,,6564.62
2024-09-05 01:45:47,20681190,0x21cef66ce849e0ce0ad8930a8194c2c97e8e2d533c02bdc7cfc02628499bebd3,0xbc43e47b08dab70d7f44c343a3558ed9a947538c,,0xf1da173228fcf015f43f3ea15abbb51f0d8f1123,eXch,1254.73
2024-09-05 01:45:59,20681191,0x3a3c819c0fa18e30df824a36931e4ab62ead35a565657ae880b70dabff14cb5b,0x5b809162249aec4e90bdbc058f63d76a116f1b17,,0xf1da173228fcf015f43f3ea15abbb51f0d8f1123,eXch,10920.23
2024-09-05 02:08:11,20681302,0x798703120594b9ac94b9acd3437cc76cf955eabbca5b8ac187f8d68516cccd1b,0xa8851bb83789c787c66d29fc9f11ac2d15a8c5aa,,0xf1da173228fcf015f43f3ea15abbb51f0d8f1123,eXch,1053.06
2024-09-05 02:25:47,20681390,0x425419dd94ff9a8d5c5aec84538b4caf88a34eaa513684b90ee186baa12cf6c2,0x127600e25539b5b31731f597f064945fa11c2c79,,0xf1da173228fcf015f43f3ea15abbb51f0d8f1123,eXch,12636.93
2024-09-05 02:35:11,20681437,0x15b34b9ea6fdab424824c70faa66b9df86b7a6933e549db7131fb1760c44670c,0x9c7a7afde28cd5ab4f5731f8c4a0b51a176a6f86,transit_9c7a,0x59ad58d44674cf0508b300f248e3f3ec21c62451,,678.56
2024-09-05 03:19:47,20681656,0xbd0514c74b6fe6c1bf72290fd61254e1f1e1fd5e1b128c3e24061b435d930c37,0x59ad58d44674cf0508b300f248e3f3ec21c62451,,0xf1da173228fcf015f43f3ea15abbb51f0d8f1123,eXch,677.89
2024-09-05 03:46:47,20681791,0x19f6c9479cbabeb103a32a50fa3219265285a3fc2e6f34a6bad51235f37a4042,0x9c7a7afde28cd5ab4f5731f8c4a0b51a176a6f86,transit_9c7a,0xc305ec74795008491b6570b73c782df87d49fbbf,,2266.72
2024-09-05 04:20:35,20681960,0x59d11d6aaf78e8166e0c620c0c259bbcfb9f50d717f7fbbfef87601cf2b482f0,0x9c7a7afde28cd5ab4f5731f8c4a0b51a176a6f86,transit_9c7a,0xa8fe3060d7a3cf8e5bc86cabefd804cfcae52505,,22388.13
2024-09-05 04:24:11,20681978,0x3b5a052a74b6e60357ce5e06150d28aa8234d4ebcaac82a8f859b7ec8c6165de,0xeed4deaa004b0753d9264ed8dce75720659c946d,,0xf1da173228fcf015f43f3ea15abbb51f0d8f1123,eXch,38131.33
2024-09-05 04:38:59,20682051,0x35af6102c0b6fb69900124316310a1aaf7d06f08dd67819ad67cece9bfc7b7aa,0x9c7a7afde28cd5ab4f5731f8c4a0b51a176a6f86,transit_9c7a,0x9b8381ba2a477871f0e60582f4d7900c102b6151,,10504.81
2024-09-05 04:52:47,20682120,0x96ab4ffdd736d4ad0d9ad003838f0539587dfc493668e05bb7598ebfed57d6bf,0xc305ec74795008491b6570b73c782df87d49fbbf,,0xf1da173228fcf015f43f3ea15abbb51f0d8f1123,eXch,2266.61
2024-09-05 04:56:35,20682138,0xb04a432daa6423f80450d01429f974b1265cedbca3b69955581fa58c4415435e,0x9c7a7afde28cd5ab4f5731f8c4a0b51a176a6f86,transit_9c7a,0xebafb860fc5a561689899c29ca0700fb3c20aecf,,1635.03
2024-09-05 05:09:59,20682205,0x97f22aca94b96489dfc0de99985dfdea5a2f6df29780445012a54e386a24c871,0xa0225ebefcd427cac8f1ab298f833fbe88ee2bfa,,0xf1da173228fcf015f43f3ea15abbb51f0d8f1123,eXch,6564.5
2024-09-05 05:34:11,20682324,0x290e0eb4cb059c50af40790c678df350b021e313201e241453bb6d889e1c01b4,0xa8fe3060d7a3cf8e5bc86cabefd804cfcae52505,,0xf1da173228fcf015f43f3ea15abbb51f0d8f1123,eXch,22388.02
2024-09-05 05:42:47,20682367,0x9b740bef2578398ea7bdfb70a9a52f69bd587bc0493df5a72ea265db2fcf95ca,0x9c7a7afde28cd5ab4f5731f8c4a0b51a176a6f86,transit_9c7a,0x7549fa0736610baaf8ff81beb0f0a6cf37d5b7fc,,10988.22
2024-09-05 05:43:47,20682372,0x615cc03ad2152d1d77962e14299a1e8a53cdaa64503b261fd6548eb50a8aa96f,0xebafb860fc5a561689899c29ca0700fb3c20aecf,,0xf1da173228fcf015f43f3ea15abbb51f0d8f1123,eXch,1634.93
2024-09-05 05:44:59,20682378,0x6ea494ca6c8932fb5a6dd0bebdc217c2b1026ba2e8140892db7b952edb89865d,0x9b8381ba2a477871f0e60582f4d7900c102b6151,,0xf1da173228fcf015f43f3ea15abbb51f0d8f1123,eXch,10504.71
2024-09-05 06:08:23,20682495,0x1d341eec2273becf7ff787426f93fb09eed792ea6bbc134a805277dac6148f45,0x9c7a7afde28cd5ab4f5731f8c4a0b51a176a6f86,transit_9c7a,0xaf4f0b22fadd7a48979d1fa149e5aa1295679ac8,,2883.8
2024-09-05 06:44:35,20682676,0x413a677fadc39928966f257518fc13d15ded1cd45fbfa2496c64c0b7b00eb5be,0x9c7a7afde28cd5ab4f5731f8c4a0b51a176a6f86,transit_9c7a,0x3721df75f9c16be9ef80edae1151404c3b631696,,1318.98
2024-09-05 07:01:11,20682759,0x4884d3936608bad1a8cd2a5c5275ec3fe5bac5767edc78c4ddab6201ab4e29ee,0x9c7a7afde28cd5ab4f5731f8c4a0b51a176a6f86,transit_9c7a,0xf9a8b3145cef617973f12848d6bec23dae902523,,1819.35
2024-09-05 07:02:23,20682765,0x22f6525e228d30fb291526bbb6e653d03ac4042d5f140773181954d6d0395205,0x7549fa0736610baaf8ff81beb0f0a6cf37d5b7fc,,0xf1da173228fcf015f43f3ea15abbb51f0d8f1123,eXch,10988.11
2024-09-05 07:26:59,20682886,0x845969320e39a6638c744920fe097776202fd25da4dd8c5ff932125a92ac53fa,0x9c7a7afde28cd5ab4f5731f8c4a0b51a176a6f86,transit_9c7a,0xfed0ffb23cb2cd7c5cec47c09308a7d5b1681dfd,,4433.05
2024-09-05 07:40:23,20682953,0xe475d3d8282057ef4c39a426eb21bd8669aa02d4a1f182bfda2f5629f8fed1c5,0x9c7a7afde28cd5ab4f5731f8c4a0b51a176a6f86,transit_9c7a,0x899e762cb6b135a70270c41f2f8c646350a9d28c,,2472.05
2024-09-05 07:51:11,20683007,0x117dafc006d2131cbe02bb1d54033a70ba1f0d92bed6e524dff5cccd78bad6f6,0x9c7a7afde28cd5ab4f5731f8c4a0b51a176a6f86,transit_9c7a,0xb68f917a93087b06d793b7956117501cabc8a22a,,4010.67
2024-09-05 07:53:47,20683020,0x64ad9304ced2bb6b48d35c7491c1d787093d0fa6c2d417454064e2192a36ffef,0xaf4f0b22fadd7a48979d1fa149e5aa1295679ac8,,0xf1da173228fcf015f43f3ea15abbb51f0d8f1123,eXch,2883.68
2024-09-05 07:54:23,20683023,0x6e81920f736f8f2384c700a81602012cc53c5f1494a2d40d5846d841ad2076fd,0x3721df75f9c16be9ef80edae1151404c3b631696,,0xf1da173228fcf015f43f3ea15abbb51f0d8f1123,eXch,1318.86
2024-09-05 08:06:23,20683082,0xa78eebf39fcbf8dc6219e385006574168210d58ef50d791f538be325752ed070,0x9c7a7afde28cd5ab4f5731f8c4a0b51a176a6f86,transit_9c7a,0x24eb9f6aad51a42ade78dd0fe48f1f1a356d6d26,,3209.81
2024-09-05 08:16:47,20683133,0xe48721bc335b38a070632dca37153cebbaefad4c9c8f7281f6139301d4ecf978,0x9c7a7afde28cd5ab4f5731f8c4a0b51a176a6f86,transit_9c7a,0x732faf291aed306e3be782ed92a33de3dc670f28,,6111.35
2024-09-05 08:18:11,20683139,0x75125662246a65760566e9a7d2cc3a4632d76752ef7b23f895ada5642eb6c265,0xf9a8b3145cef617973f12848d6bec23dae902523,,0xf1da173228fcf015f43f3ea15abbb51f0d8f1123,eXch,1819.19
2024-09-05 08:38:11,20683238,0xaf1532a4b1ed5a5ef09fa3c9bba96c91f8e52742fdb511db4b06008fd52acb37,0x9c7a7afde28cd5ab4f5731f8c4a0b51a176a6f86,transit_9c7a,0x2b77b7584a9f79d22cd5b8a6196f263006aa33ac,,1659.9
2024-09-05 08:38:23,20683239,0xcd3701622a5b67d8ca4acc1edc65597ef76108ef246721a6b0c4c0ce2c83bb64,0x899e762cb6b135a70270c41f2f8c646350a9d28c,,0xf1da173228fcf015f43f3ea15abbb51f0d8f1123,eXch,2471.86
2024-09-05 08:39:59,20683247,0xb9e3652938466565354eb320c436046f74ddc3c4782de300a62dc153dfed2d14,0x24eb9f6aad51a42ade78dd0fe48f1f1a356d6d26,,0xf1da173228fcf015f43f3ea15abbb51f0d8f1123,eXch,3209.64
2024-09-05 08:48:11,20683288,0x1b70ea66be57288893119926ab07d685997cfb4f61d177c0ab99ba697e49d8e4,0xfed0ffb23cb2cd7c5cec47c09308a7d5b1681dfd,,0xf1da173228fcf015f43f3ea15abbb51f0d8f1123,eXch,4432.85
2024-09-05 08:53:59,20683317,0xf70b2040f5fa30cbef6960262111f6ef337f53fb471e4aea35535270ed7740f9,0xb68f917a93087b06d793b7956117501cabc8a22a,,0xf1da173228fcf015f43f3ea15abbb51f0d8f1123,eXch,4010.5
2024-09-05 09:04:47,20683371,0xba6596ceeca183dfab756c3bfef1b22fcbd5ba8f1cc4106b7933c20bad095827,0x9c7a7afde28cd5ab4f5731f8c4a0b51a176a6f86,transit_9c7a,0x36561ea2e8ce32723d261a6710e34cded7a2615b,,377.51
2024-09-05 09:15:59,20683426,0x95837da2ec4f8069b4cbc02f432f4b85d014b10ba8ccb9601c1b210863f594e2,0x732faf291aed306e3be782ed92a33de3dc670f28,,0xf1da173228fcf015f43f3ea15abbb51f0d8f1123,eXch,6111.18
2024-09-05 09:21:35,20683454,0xbe115f3711a0d36aa1c8f9feb465bfec4874ac0a36da02975bbe5b82b1e73f60,0x9c7a7afde28cd5ab4f5731f8c4a0b51a176a6f86,transit_9c7a,0x992c5b4fb2f95406b21b71159413b632c8f9df69,,56807.14
2024-09-05 09:24:11,20683467,0x3d9a331545d9ea03ade9b7afe73d0ce9d669d77647c15d160c114de246f735f1,0x2b77b7584a9f79d22cd5b8a6196f263006aa33ac,,0xf1da173228fcf015f43f3ea15abbb51f0d8f1123,eXch,1659.72
2024-09-05 09:35:11,20683521,0x7529243b9093964228b3d7a45d90cce58a02b634be871d350f07c15e0d3bad14,0x9c7a7afde28cd5ab4f5731f8c4a0b51a176a6f86,transit_9c7a,0xf458e9a945eba473fde1769992486c87d978587f,,567.56
2024-09-05 10:07:47,20683684,0x5073cd9bb399f17bd0d64a55ad7724b720fa13e14c1f0e27724e924e5c0d122e,0x36561ea2e8ce32723d261a6710e34cded7a2615b,,0xf1da173228fcf015f43f3ea15abbb51f0d8f1123,eXch,377.34
2024-09-05 10:38:23,20683836,0x400b081e25acdb14bb5569947d7ef6dc389cb7ddcec76527a859d7afef0f0313,0xf458e9a945eba473fde1769992486c87d978587f,,0xf1da173228fcf015f43f3ea15abbb51f0d8f1123,eXch,567.38
2024-09-05 10:43:35,20683862,0x47f5758687631c4ade23c0474fd988d8e6324a3bbb9c2f3cd679cb5ad8088c9b,0x992c5b4fb2f95406b21b71159413b632c8f9df69,,0xf1da173228fcf015f43f3ea15abbb51f0d8f1123,eXch,56806.97
2024-09-05 19:02:35,20686349,0xae788b038d54425978714a489112c79e895595a6d472cdf31066c69e8e963adf,0xf72849cacff8505149c7f467054519db434bbb03,,0xd37bbe5744d730a1d98d8dc97c42f0ca46ad7146,THORChain: THORChain Router v4.1.1,458691.72
2024-09-06 16:46:59,20692837,0x5ee84c595a008bb452330b717a3c6986a4e6dd2e917493bf59b35437babff602,0xc2cc41c4f0f9aa38cb1fa71c39da2121adfa5909,,0x9008d19f58aabd9ed0d60971565aa8510560ab41,CoW Protocol: GPv2Settlement,10000.0
2024-09-06 16:49:23,20692849,0xee0d2daaf6d79721f34ff3b2e8bdeb1fa61e10ef9a15570fa0cfa6f65fc85252,0xc2cc41c4f0f9aa38cb1fa71c39da2121adfa5909,,0x9008d19f58aabd9ed0d60971565aa8510560ab41,CoW Protocol: GPv2Settlement,1965000.0
2024-09-06 16:46:59,20692837,0x5ee84c595a008bb452330b717a3c6986a4e6dd2e917493bf59b35437babff602,0x9008d19f58aabd9ed0d60971565aa8510560ab41,CoW Protocol: GPv2Settlement,0xca6061c6e5a7c3657297f9cc45ce110dc4d14470,transit_ca60,15368.78
2024-09-06 16:49:23,20692849,0xee0d2daaf6d79721f34ff3b2e8bdeb1fa61e10ef9a15570fa0cfa6f65fc85252,0x9008d19f58aabd9ed0d60971565aa8510560ab41,CoW Protocol: GPv2Settlement,0xca6061c6e5a7c3657297f9cc45ce110dc4d14470,transit_ca60,3026172.88
2024-09-07 03:51:59,20696149,0x9be4261936f6f802022e67de26e0f0d6e8aab1ee6d8873f0a7fab71576e8d281,0x825093013c3f89a5f1ea38fac17df80e77437f14,transit_8250,0x51b1f2e1e7729f9bea18220c8e522d7ff34f3290,,80624.94
2024-09-07 04:01:35,20696197,0xa3f21504619b36449187963569f8011af8e7ce02157cef46092b750c389dca96,0x825093013c3f89a5f1ea38fac17df80e77437f14,transit_8250,0x40a50cf069e992aa4536211b23f286ef88752187,CoW Protocol: Eth Flow,38230.83
